CustomerID,churn_probability,churn_risk_label,churned
10000,0.0003506595,Low,0
10001,0.00089483475,Low,0
10002,0.00021274775,Low,0
10003,0.00021941819,Low,0
10004,0.00012965135,Low,0
10005,0.017939795,Low,0
10006,0.006945742,Low,0
10007,0.0004590116,Low,0
10008,0.0005177887,Low,0
10009,0.0026296135,Low,0
10010,0.00040469575,Low,0
10011,0.0015112257,Low,0
10012,0.0015539452,Low,0
10013,0.016483389,Low,0
10014,0.017886803,Low,0
10015,0.032534093,Low,0
10016,0.00021794513,Low,0
10017,0.00025048177,Low,0
10018,0.0006954501,Low,0
10019,0.057984054,Low,0
10020,0.0007137596,Low,0
10021,0.0077225226,Low,1
10022,0.00069781893,Low,0
10023,0.053487275,Low,0
10024,0.00026024622,Low,0
10025,8.726318e-05,Low,0
10026,0.0007192557,Low,0
10027,0.0004350079,Low,0
10028,0.0014739612,Low,0
10029,0.0006448627,Low,0
10030,0.0017141453,Low,0
10031,0.0023288168,Low,0
10032,0.02352733,Low,0
10033,0.01782822,Low,0
10034,0.0023675496,Low,0
10035,0.00019628425,Low,0
10036,0.99714845,High,1
10037,0.0004844488,Low,0
10038,0.0022244714,Low,0
10039,0.00032116118,Low,0
10040,0.00015094691,Low,0
10041,0.00088301516,Low,0
10042,0.00021383759,Low,0
10043,0.0009217049,Low,0
10044,0.00011346298,Low,0
10045,0.0008261604,Low,0
10046,0.00056331203,Low,0
10047,0.00016572024,Low,0
10048,0.025141615,Low,0
10049,0.002975972,Low,0
10050,0.00012302966,Low,0
10051,0.0003280284,Low,0
10052,0.0034918843,Low,0
10053,0.00272961,Low,0
10054,6.843057e-05,Low,0
10055,0.013786862,Low,0
10056,0.00020593632,Low,0
10057,0.0011722009,Low,0
10058,0.0025881417,Low,0
10059,0.004824831,Low,0
10060,0.7466737,High,0
10061,0.001269908,Low,0
10062,7.6069904e-05,Low,0
10063,0.0021773425,Low,0
10064,0.0021276646,Low,0
10065,0.0002598778,Low,0
10066,6.352237e-05,Low,0
10067,0.0012781152,Low,0
10068,0.00082665094,Low,0
10069,0.00010555562,Low,0
10070,0.00011491803,Low,0
10071,0.0009721558,Low,0
10072,0.0028336786,Low,0
10073,0.0009521713,Low,0
10074,0.0017764937,Low,0
10075,0.00025997788,Low,0
10076,0.0003332632,Low,0
10077,0.00014944558,Low,0
10078,0.0045917076,Low,0
10079,6.017835e-05,Low,0
10080,0.00013473789,Low,0
10081,0.00021377989,Low,0
10082,0.00049666874,Low,0
10083,8.5049636e-05,Low,0
10084,0.00029937993,Low,0
10085,0.0014702883,Low,0
10086,0.0017386739,Low,0
10087,0.000117475436,Low,0
10088,0.034860335,Low,0
10089,0.000661369,Low,0
10090,0.0017276289,Low,0
10091,0.0015088294,Low,0
10092,0.00018353695,Low,0
10093,9.539499e-05,Low,0
10094,0.0011456808,Low,0
10095,0.0003996508,Low,0
10096,0.0008251628,Low,0
10097,0.00036892624,Low,0
10098,0.00031683658,Low,0
10099,0.00051169086,Low,0
10100,0.00015216514,Low,0
10101,0.00044263367,Low,0
10102,0.0022112317,Low,0
10103,0.00013835827,Low,0
10104,0.0011758265,Low,0
10105,0.0007975804,Low,0
10106,0.00046877336,Low,0
10107,3.5875288e-05,Low,0
10108,0.00013251384,Low,0
10109,0.0014937693,Low,0
10110,0.0005541542,Low,0
10111,0.0005866555,Low,0
10112,0.0012996274,Low,0
10113,0.0012342181,Low,0
10114,0.0006002809,Low,0
10115,0.00021005225,Low,0
10116,0.00077952765,Low,0
10117,0.0009783868,Low,0
10118,0.00023831484,Low,0
10119,0.0004718085,Low,0
10120,0.0010575756,Low,0
10121,0.00027330965,Low,0
10122,4.4581437e-05,Low,0
10123,0.0013851653,Low,0
10124,0.00018491076,Low,0
10125,0.00023689441,Low,0
10126,0.044938754,Low,0
10127,0.0010861895,Low,0
10128,0.00017605921,Low,0
10129,0.0017305689,Low,0
10130,0.0005358832,Low,0
10131,0.00019880953,Low,0
10132,0.0001973897,Low,0
10133,0.00240636,Low,0
10134,0.004432675,Low,0
10135,0.00084582594,Low,0
10136,0.0001445132,Low,0
10137,0.14815688,Low,0
10138,0.006930409,Low,0
10139,0.0013478575,Low,0
10140,0.27982584,Low,0
10141,0.06148859,Low,0
10142,0.00014365479,Low,0
10143,6.0385817e-05,Low,0
10144,0.00026865647,Low,0
10145,9.090575e-05,Low,0
10146,0.0006593836,Low,0
10147,0.00039455947,Low,0
10148,0.002164634,Low,0
10149,0.0064852396,Low,0
10150,0.99277437,High,1
10151,6.770863e-05,Low,0
10152,0.0005906468,Low,0
10153,0.0002825457,Low,0
10154,0.00034960386,Low,0
10155,0.00072691933,Low,0
10156,0.0002151362,Low,0
10157,0.002110522,Low,0
10158,0.0013542166,Low,0
10159,0.00015907291,Low,0
10160,0.0009477261,Low,0
10161,0.0070801387,Low,0
10162,0.000775203,Low,0
10163,0.0002599717,Low,0
10164,4.1268286e-05,Low,0
10165,0.0004494161,Low,0
10166,0.07642241,Low,0
10167,4.8731355e-05,Low,0
10168,0.00027032295,Low,0
10169,0.0001585671,Low,0
10170,0.0002199278,Low,0
10171,0.00030698703,Low,0
10172,0.021862427,Low,1
10173,0.00012807266,Low,0
10174,0.00011825047,Low,0
10175,0.0014193328,Low,0
10176,0.0010637399,Low,0
10177,0.00039128348,Low,0
10178,0.00016818993,Low,0
10179,0.0024495532,Low,0
10180,0.00013521822,Low,0
10181,0.0012917842,Low,0
10182,0.00023327704,Low,0
10183,7.660852e-05,Low,0
10184,0.0056450395,Low,0
10185,0.00032529564,Low,0
10186,0.9955776,High,1
10187,3.1977175e-05,Low,0
10188,0.00077574025,Low,0
10189,0.053025093,Low,0
10190,0.000979976,Low,0
10191,0.0086995205,Low,0
10192,0.0010010812,Low,0
10193,0.0005289148,Low,0
10194,0.44581935,Medium,0
10195,0.00023409877,Low,0
10196,3.813346e-05,Low,0
10197,0.15159866,Low,0
10198,0.00042897346,Low,0
10199,0.00043581479,Low,0
10200,0.01477425,Low,0
10201,0.0011580378,Low,0
10202,0.008924081,Low,0
10203,0.00041602526,Low,0
10204,0.00023335846,Low,0
10205,0.0005663953,Low,0
10206,0.33434612,Medium,0
10207,0.022890598,Low,0
10208,0.0019167354,Low,0
10209,8.968498e-05,Low,0
10210,8.838202e-05,Low,0
10211,0.00076915405,Low,0
10212,0.0011238037,Low,0
10213,0.0008068491,Low,0
10214,0.00013880689,Low,0
10215,0.04147323,Low,0
10216,0.0010107533,Low,0
10217,0.014043218,Low,0
10218,0.008480763,Low,0
10219,0.0007817336,Low,0
10220,0.0005933498,Low,0
10221,0.00052580656,Low,0
10222,0.0020003563,Low,0
10223,0.034577206,Low,0
10224,0.0002372052,Low,0
10225,0.000116081836,Low,0
10226,0.00013875622,Low,0
10227,0.0008421535,Low,0
10228,0.0005668098,Low,0
10229,0.00019464437,Low,0
10230,0.0003192681,Low,0
10231,0.0003994299,Low,0
10232,0.00046568515,Low,0
10233,0.0007959783,Low,0
10234,0.00018565221,Low,0
10235,0.00011113716,Low,0
10236,0.0003420149,Low,0
10237,0.00012637307,Low,0
10238,0.003043956,Low,0
10239,0.00036525697,Low,0
10240,5.5672157e-05,Low,0
10241,9.107478e-05,Low,0
10242,0.00020945526,Low,0
10243,0.00014979897,Low,0
10244,0.0006845529,Low,0
10245,0.0010006117,Low,0
10246,0.000103724065,Low,0
10247,0.00029595796,Low,0
10248,0.0026360068,Low,0
10249,0.011421402,Low,0
10250,0.0008619156,Low,0
10251,0.0014701259,Low,0
10252,0.00047392477,Low,0
10253,0.00013993385,Low,0
10254,0.000115479364,Low,0
10255,0.00019527545,Low,0
10256,0.002127948,Low,0
10257,0.00066020864,Low,0
10258,0.003534381,Low,0
10259,0.0005181652,Low,0
10260,0.00021430418,Low,0
10261,0.061120152,Low,0
10262,0.0016416345,Low,0
10263,0.00034684336,Low,0
10264,0.0010975803,Low,0
10265,0.0020518964,Low,0
10266,0.00028242695,Low,0
10267,0.0001871059,Low,0
10268,0.00022137015,Low,0
10269,0.00022967922,Low,0
10270,0.00077114516,Low,0
10271,0.0007832373,Low,0
10272,0.011068167,Low,0
10273,9.3038165e-05,Low,0
10274,0.00010072015,Low,0
10275,0.007993321,Low,0
10276,0.00029584736,Low,0
10277,0.00011646357,Low,0
10278,0.00281748,Low,0
10279,0.0015202095,Low,0
10280,0.003009648,Low,0
10281,0.00089243957,Low,0
10282,0.00067259476,Low,0
10283,0.00060167996,Low,0
10284,0.00033258207,Low,0
10285,0.00037430125,Low,0
10286,0.0001275638,Low,0
10287,0.0002860405,Low,0
10288,0.0012115401,Low,0
10289,0.0012102148,Low,0
10290,0.0077292053,Low,0
10291,0.000100030236,Low,0
10292,0.0015794022,Low,0
10293,0.0001630402,Low,0
10294,0.0012386946,Low,0
10295,0.0003654562,Low,0
10296,0.0007510265,Low,0
10297,0.00026732322,Low,0
10298,0.09299426,Low,0
10299,0.004179796,Low,0
10300,0.0009711735,Low,0
10301,0.0013275316,Low,0
10302,0.0012418926,Low,0
10303,0.0012344074,Low,0
10304,0.9937769,High,1
10305,0.00026466444,Low,0
10306,0.09034955,Low,0
10307,0.0010580982,Low,0
10308,0.0002449896,Low,0
10309,0.00013605125,Low,0
10310,0.00023866432,Low,0
10311,0.00046280248,Low,0
10312,0.06097029,Low,0
10313,0.00023573202,Low,0
10314,0.05694925,Low,0
10315,0.007612945,Low,0
10316,0.00024504474,Low,0
10317,0.0009275422,Low,0
10318,0.00024904724,Low,0
10319,0.00030396492,Low,0
10320,0.0003701861,Low,0
10321,0.0013530633,Low,0
10322,0.00013152763,Low,0
10323,0.0007280563,Low,0
10324,4.2902946e-05,Low,0
10325,0.99172103,High,1
10326,0.0002423673,Low,0
10327,0.00036933972,Low,0
10328,0.00025014646,Low,0
10329,0.00032345284,Low,0
10330,0.0022315385,Low,0
10331,0.00010008452,Low,0
10332,0.00057798735,Low,0
10333,0.0017497286,Low,0
10334,0.00053806894,Low,0
10335,0.0002142343,Low,0
10336,6.4799504e-05,Low,0
10337,0.00083047425,Low,0
10338,0.0013219242,Low,0
10339,0.00038376782,Low,0
10340,0.000589028,Low,0
10341,0.0006763303,Low,0
10342,0.00088329957,Low,0
10343,9.367467e-05,Low,0
10344,0.0007585088,Low,0
10345,0.028123453,Low,0
10346,0.00019221687,Low,0
10347,0.0007130376,Low,0
10348,0.0434891,Low,0
10349,0.00035645408,Low,0
10350,0.001263522,Low,0
10351,0.00040928723,Low,0
10352,0.0320665,Low,0
10353,7.647714e-05,Low,0
10354,0.00207417,Low,0
10355,0.9950899,High,1
10356,0.00030322798,Low,0
10357,5.121954e-05,Low,0
10358,0.00013647198,Low,0
10359,0.000374201,Low,0
10360,0.009635113,Low,0
10361,0.00035929828,Low,0
10362,0.000112640024,Low,0
10363,0.0010860463,Low,0
10364,0.001996137,Low,0
10365,8.4985506e-05,Low,0
10366,0.0021186268,Low,0
10367,0.0031082872,Low,0
10368,0.00021427027,Low,0
10369,0.00081588246,Low,0
10370,0.00040468515,Low,0
10371,0.0015583135,Low,0
10372,0.00017972047,Low,0
10373,0.00025712824,Low,0
10374,0.00092712214,Low,0
10375,0.002209236,Low,0
10376,0.00036398423,Low,0
10377,0.00021206442,Low,0
10378,0.0011590094,Low,0
10379,0.0011475589,Low,0
10380,0.00047172917,Low,0
10381,0.0012145714,Low,0
10382,0.0001865985,Low,0
10383,0.0010620458,Low,0
10384,0.0001778338,Low,0
10385,0.00066992803,Low,0
10386,0.0018338846,Low,0
10387,0.0001927868,Low,0
10388,0.0016248372,Low,0
10389,0.00031058208,Low,0
10390,0.00013281124,Low,0
10391,0.00070534577,Low,0
10392,0.00015987427,Low,0
10393,0.00041350586,Low,0
10394,0.0005253562,Low,0
10395,0.00050069176,Low,0
10396,0.0005078909,Low,0
10397,0.0061597987,Low,0
10398,0.0016473187,Low,0
10399,0.000117019394,Low,0
10400,0.9944944,High,1
10401,4.3871172e-05,Low,0
10402,0.00029451287,Low,0
10403,0.0006152364,Low,0
10404,0.00019176782,Low,0
10405,0.00013474342,Low,0
10406,0.0002664855,Low,0
10407,0.0033164062,Low,0
10408,0.00010207856,Low,0
10409,0.00038020717,Low,0
10410,0.0011271863,Low,0
10411,0.00011505696,Low,0
10412,0.019565977,Low,0
10413,0.0028834874,Low,0
10414,0.0010094176,Low,0
10415,0.00011639951,Low,0
10416,0.00023158129,Low,0
10417,0.0004445882,Low,0
10418,8.426118e-05,Low,0
10419,0.00036357707,Low,0
10420,0.0001944012,Low,0
10421,0.00041134076,Low,0
10422,0.07842171,Low,0
10423,8.5004234e-05,Low,0
10424,0.00010866984,Low,0
10425,0.000167167,Low,0
10426,0.000262514,Low,0
10427,0.0003182628,Low,0
10428,0.00014497238,Low,0
10429,0.000366678,Low,0
10430,0.00020798658,Low,0
10431,0.0003325215,Low,0
10432,0.00020118576,Low,0
10433,0.00038654162,Low,0
10434,0.0003605058,Low,0
10435,4.6763947e-05,Low,0
10436,0.00031782952,Low,0
10437,0.002863585,Low,0
10438,0.00023795429,Low,0
10439,0.00035492697,Low,0
10440,0.00034930554,Low,0
10441,0.004170941,Low,0
10442,0.0003210485,Low,0
10443,0.00021178961,Low,0
10444,0.015945738,Low,0
10445,0.0007271646,Low,0
10446,0.00047226346,Low,0
10447,0.004726969,Low,0
10448,0.0010069851,Low,0
10449,0.0010946988,Low,0
10450,0.00025722437,Low,0
10451,0.0003544431,Low,0
10452,0.00011398861,Low,0
10453,5.8398036e-05,Low,0
10454,9.692861e-05,Low,0
10455,0.00046099463,Low,0
10456,0.00043272492,Low,0
10457,0.00034113694,Low,0
10458,0.00033233676,Low,0
10459,0.0004378147,Low,0
10460,0.00016037094,Low,0
10461,0.040222898,Low,0
10462,0.0005220693,Low,0
10463,0.00024515574,Low,0
10464,0.00032690106,Low,0
10465,0.0053381394,Low,0
10466,0.002285135,Low,0
10467,0.0018940712,Low,0
10468,0.00052290823,Low,0
10469,0.00028754547,Low,0
10470,0.00022152661,Low,0
10471,0.0038546054,Low,0
10472,0.00042053894,Low,0
10473,0.082437314,Low,0
10474,4.5872046e-05,Low,0
10475,0.00023548357,Low,0
10476,0.002215092,Low,0
10477,0.00010429873,Low,0
10478,9.511105e-05,Low,0
10479,0.0004599837,Low,0
10480,0.0007887863,Low,0
10481,0.00040738686,Low,0
10482,0.00026205537,Low,0
10483,7.971838e-05,Low,0
10484,0.0005000021,Low,0
10485,0.0001173205,Low,0
10486,0.0011573309,Low,0
10487,0.0001400218,Low,0
10488,0.0005599249,Low,0
10489,0.00011438898,Low,0
10490,7.148354e-05,Low,0
10491,0.001630857,Low,0
10492,0.0042698113,Low,0
10493,0.00020408869,Low,0
10494,0.00022159654,Low,0
10495,0.0004963138,Low,0
10496,0.00017358303,Low,0
10497,8.336318e-05,Low,0
10498,6.196021e-05,Low,0
10499,0.0036832148,Low,0
10500,0.00095427386,Low,0
10501,0.00094542897,Low,0
10502,0.00488401,Low,0
10503,0.00047132326,Low,0
10504,0.00020199957,Low,0
10505,0.008014674,Low,0
10506,0.011285184,Low,0
10507,0.020835938,Low,0
10508,0.000830405,Low,0
10509,0.00075643754,Low,0
10510,0.0011816161,Low,0
10511,0.99115175,High,1
10512,0.046301693,Low,0
10513,0.00012538892,Low,0
10514,0.00023211692,Low,0
10515,0.00013846545,Low,0
10516,8.816283e-05,Low,0
10517,6.588575e-05,Low,0
10518,0.27223867,Low,0
10519,0.0003874087,Low,0
10520,0.00012741196,Low,0
10521,0.00047709534,Low,0
10522,0.00041813386,Low,0
10523,0.0002437027,Low,0
10524,0.0004454812,Low,0
10525,0.009161286,Low,0
10526,0.0006201468,Low,0
10527,0.00091401517,Low,0
10528,0.012004952,Low,0
10529,0.0004064896,Low,0
10530,0.0010482225,Low,0
10531,0.00026495353,Low,0
10532,0.0037989123,Low,0
10533,0.99691594,High,1
10534,0.00055632927,Low,0
10535,0.0011607739,Low,0
10536,0.003015963,Low,0
10537,0.0006779013,Low,0
10538,0.0001880402,Low,0
10539,0.0010653462,Low,0
10540,0.00071460224,Low,0
10541,0.00029157486,Low,0
10542,0.00022598167,Low,0
10543,0.014822141,Low,0
10544,0.121366136,Low,0
10545,0.00010137634,Low,0
10546,0.0028761004,Low,0
10547,0.0009290928,Low,0
10548,0.0012559671,Low,0
10549,0.00054363493,Low,0
10550,0.0008785562,Low,0
10551,0.45717943,Medium,0
10552,0.00022745244,Low,0
10553,0.00010005065,Low,0
10554,0.057645593,Low,0
10555,0.0018148135,Low,0
10556,0.06359052,Low,0
10557,0.0016768171,Low,0
10558,0.002225637,Low,0
10559,0.0020061573,Low,0
10560,0.0018481867,Low,0
10561,7.676839e-05,Low,0
10562,0.0043736235,Low,0
10563,0.99454474,High,1
10564,0.0006266494,Low,0
10565,0.00043221618,Low,0
10566,0.0006325967,Low,0
10567,0.0022095595,Low,0
10568,0.0010716629,Low,0
10569,0.002473144,Low,0
10570,0.00061024737,Low,0
10571,0.10322108,Low,0
10572,0.0016182292,Low,0
10573,0.0005569352,Low,0
10574,0.00031802047,Low,0
10575,0.00055839185,Low,0
10576,0.5193388,Medium,0
10577,0.3291708,Medium,0
10578,0.00015156348,Low,0
10579,0.0012171014,Low,0
10580,0.0007422751,Low,0
10581,0.00067759224,Low,0
10582,0.00013225456,Low,0
10583,0.0005566791,Low,0
10584,0.0003716824,Low,0
10585,0.00071024854,Low,0
10586,0.0001443405,Low,0
10587,0.0014963113,Low,0
10588,0.0012223276,Low,0
10589,0.0004021071,Low,0
10590,0.00021352689,Low,0
10591,0.0009352994,Low,0
10592,0.0063783075,Low,0
10593,0.9909168,High,1
10594,0.0003608311,Low,0
10595,0.00015195041,Low,0
10596,0.00037481956,Low,0
10597,0.00041158963,Low,0
10598,0.00070616027,Low,0
10599,0.00018302439,Low,0
10600,0.0016888187,Low,0
10601,6.444313e-05,Low,0
10602,0.0059296438,Low,0
10603,0.003907317,Low,0
10604,0.00019284287,Low,0
10605,0.0007254695,Low,0
10606,0.05141764,Low,0
10607,0.00026748868,Low,0
10608,0.00013268137,Low,0
10609,0.0058602584,Low,0
10610,0.01948311,Low,0
10611,0.0009744184,Low,0
10612,0.000266228,Low,0
10613,8.29411e-05,Low,0
10614,0.0044198236,Low,0
10615,0.9914004,High,1
10616,7.432892e-05,Low,0
10617,0.00046124277,Low,0
10618,0.00089510676,Low,0
10619,0.0027326492,Low,0
10620,0.00028773854,Low,0
10621,0.00049286615,Low,0
10622,0.0011736305,Low,0
10623,0.00051618245,Low,0
10624,0.00016108036,Low,0
10625,0.0003330434,Low,0
10626,0.0010450464,Low,0
10627,0.00018454,Low,0
10628,0.00071628595,Low,0
10629,0.00014000859,Low,0
10630,0.00010717548,Low,0
10631,0.00010384619,Low,0
10632,0.00015354702,Low,0
10633,0.0004163081,Low,0
10634,0.0017106509,Low,0
10635,0.9894271,High,1
10636,0.00030474082,Low,0
10637,0.0025002216,Low,0
10638,0.00044680422,Low,0
10639,0.0138030285,Low,0
10640,0.001878345,Low,0
10641,0.0012641504,Low,0
10642,0.99801385,High,1
10643,0.00064378406,Low,0
10644,0.0028872257,Low,0
10645,0.00064423395,Low,0
10646,0.000196458,Low,0
10647,6.6309825e-05,Low,0
10648,0.0006158072,Low,0
10649,0.000564065,Low,0
10650,0.0014318784,Low,0
10651,0.00055600406,Low,0
10652,0.002742462,Low,0
10653,0.0023741608,Low,0
10654,0.0009470508,Low,0
10655,0.00037208677,Low,0
10656,0.0023118155,Low,0
10657,0.00013507376,Low,0
10658,0.00063947355,Low,0
10659,0.00014882912,Low,0
10660,0.36251175,Medium,0
10661,0.0018633815,Low,0
10662,0.0002583594,Low,0
10663,0.0011274972,Low,0
10664,0.0016701824,Low,0
10665,0.001302594,Low,0
10666,0.00090753066,Low,0
10667,0.0007075904,Low,0
10668,0.00048016038,Low,0
10669,0.000775015,Low,0
10670,0.004199858,Low,0
10671,2.5198515e-05,Low,0
10672,0.00072749,Low,0
10673,0.00050518825,Low,0
10674,0.0012572017,Low,0
10675,0.00052494125,Low,0
10676,0.000215656,Low,0
10677,0.000114865,Low,0
10678,0.0018311649,Low,0
10679,5.87719e-05,Low,0
10680,0.025830029,Low,0
10681,0.13403377,Low,0
10682,0.00035892782,Low,0
10683,7.5698605e-05,Low,0
10684,0.0010737214,Low,0
10685,0.0004686925,Low,0
10686,0.00047440754,Low,0
10687,0.00023035578,Low,0
10688,0.0020157988,Low,0
10689,0.00061864883,Low,0
10690,0.0009446821,Low,0
10691,0.00032385983,Low,0
10692,0.00014848665,Low,0
10693,0.00028814317,Low,0
10694,0.0017517428,Low,0
10695,0.00016741967,Low,0
10696,0.0018043031,Low,0
10697,0.00025837493,Low,0
10698,0.0007614111,Low,0
10699,0.0024136375,Low,0
10700,0.00034611268,Low,0
10701,0.00051768677,Low,0
10702,0.0009638182,Low,0
10703,0.0010704471,Low,0
10704,0.0007077998,Low,0
10705,0.0013732223,Low,0
10706,0.00112253,Low,0
10707,0.00634774,Low,0
10708,0.00040633054,Low,0
10709,0.00064618915,Low,0
10710,0.00015635435,Low,0
10711,0.0044634826,Low,0
10712,0.08721159,Low,0
10713,0.052330617,Low,0
10714,0.001803885,Low,0
10715,0.0017293846,Low,0
10716,0.0018049551,Low,0
10717,0.00010251861,Low,0
10718,0.0002550699,Low,0
10719,0.0004722927,Low,0
10720,0.008430833,Low,0
10721,0.0003308087,Low,0
10722,0.00039496645,Low,0
10723,0.00023733618,Low,0
10724,0.0002907249,Low,0
10725,0.0011826324,Low,0
10726,0.00069404446,Low,0
10727,0.0017846574,Low,0
10728,0.019341428,Low,0
10729,0.0003972862,Low,0
10730,0.00015104814,Low,0
10731,0.0001264776,Low,0
10732,0.9952251,High,1
10733,0.00020693168,Low,0
10734,0.003223025,Low,0
10735,0.0004244146,Low,0
10736,0.00020546089,Low,0
10737,0.00075311924,Low,0
10738,0.0001264009,Low,0
10739,0.0035689776,Low,0
10740,0.015419961,Low,0
10741,0.9942133,High,1
10742,0.00011280286,Low,0
10743,0.00015879663,Low,0
10744,0.00028688117,Low,0
10745,0.037921887,Low,0
10746,0.04491186,Low,0
10747,0.00037288037,Low,0
10748,0.0011097937,Low,0
10749,0.00018979523,Low,0
10750,0.0010346101,Low,0
10751,0.0002883449,Low,0
10752,5.0480197e-05,Low,0
10753,0.000730566,Low,0
10754,0.00031029087,Low,0
10755,0.004238064,Low,0
10756,0.0014850526,Low,0
10757,0.0011772206,Low,0
10758,0.00010929952,Low,0
10759,0.00037306227,Low,0
10760,0.000114927025,Low,0
10761,0.0057511735,Low,0
10762,0.0002842769,Low,0
10763,0.0005983904,Low,0
10764,0.0006581703,Low,0
10765,0.07978408,Low,0
10766,0.00021653972,Low,0
10767,0.00024658503,Low,0
10768,0.00014366287,Low,0
10769,0.0014814853,Low,0
10770,0.00010443249,Low,0
10771,0.00059779413,Low,0
10772,0.0004346916,Low,0
10773,0.0004276469,Low,0
10774,0.0003438842,Low,0
10775,0.00030249718,Low,0
10776,0.08706781,Low,0
10777,0.0010166329,Low,0
10778,0.0002465359,Low,0
10779,0.046016682,Low,0
10780,0.00076098926,Low,0
10781,0.00047548953,Low,0
10782,0.00111488,Low,0
10783,7.814188e-05,Low,0
10784,0.0011126465,Low,0
10785,0.0005803931,Low,0
10786,0.037350513,Low,0
10787,0.22449535,Low,1
10788,0.00059732224,Low,0
10789,0.00011697443,Low,0
10790,0.011736201,Low,0
10791,0.00033239095,Low,0
10792,0.0029982547,Low,0
10793,0.0006560807,Low,0
10794,0.0016115592,Low,0
10795,0.00023638405,Low,0
10796,0.001494152,Low,0
10797,0.00014234713,Low,0
10798,0.0003115376,Low,0
10799,0.0006912404,Low,0
10800,0.039095994,Low,0
10801,0.0002548154,Low,0
10802,0.6868828,High,1
10803,6.0494516e-05,Low,0
10804,0.00011011088,Low,0
10805,0.00017787992,Low,0
10806,0.00016775525,Low,0
10807,9.972537e-05,Low,0
10808,0.99357796,High,1
10809,0.0002493062,Low,0
10810,0.0006336349,Low,0
10811,6.1912186e-05,Low,0
10812,0.00042350226,Low,0
10813,0.0011570256,Low,0
10814,0.00017019552,Low,0
10815,0.0016181892,Low,0
10816,0.0004368246,Low,0
10817,0.00018293121,Low,0
10818,0.00022881846,Low,0
10819,0.0009994616,Low,0
10820,0.009217798,Low,0
10821,0.0004647581,Low,0
10822,0.00063979236,Low,0
10823,0.0023476356,Low,0
10824,0.00022328136,Low,0
10825,0.0043519833,Low,0
10826,0.0003307841,Low,0
10827,0.00025832516,Low,0
10828,0.00045964535,Low,0
10829,0.00032837008,Low,0
10830,0.00028871847,Low,0
10831,0.0004959088,Low,0
10832,0.0011519503,Low,0
10833,0.0024217085,Low,0
10834,0.00020272064,Low,0
10835,0.0008529884,Low,0
10836,0.00017350426,Low,0
10837,0.007395922,Low,0
10838,0.013601373,Low,0
10839,0.00032773704,Low,0
10840,0.06886453,Low,0
10841,0.0135387,Low,0
10842,0.00010567224,Low,0
10843,0.00028572627,Low,0
10844,0.00032603083,Low,0
10845,0.00026088918,Low,0
10846,0.00017785584,Low,0
10847,0.030655079,Low,0
10848,0.00058004307,Low,0
10849,0.00017451437,Low,0
10850,0.00022050437,Low,0
10851,0.0031426046,Low,0
10852,0.0019509131,Low,0
10853,0.00012993602,Low,0
10854,0.0008653009,Low,0
10855,0.00024146152,Low,0
10856,0.00019196523,Low,0
10857,0.00042803827,Low,0
10858,0.00021532869,Low,0
10859,0.0010474275,Low,0
10860,0.00019071405,Low,0
10861,0.00037750223,Low,0
10862,0.015289885,Low,0
10863,0.024265347,Low,0
10864,0.0003712532,Low,0
10865,0.07139311,Low,0
10866,0.00029421426,Low,0
10867,0.00030856158,Low,0
10868,0.024761062,Low,0
10869,0.00010326663,Low,0
10870,0.00047830504,Low,0
10871,0.00041068037,Low,0
10872,8.870904e-05,Low,0
10873,0.0014555958,Low,0
10874,0.064338624,Low,0
10875,0.004808356,Low,0
10876,0.0006340034,Low,0
10877,0.005353664,Low,0
10878,7.80095e-05,Low,0
10879,0.00011217034,Low,0
10880,0.0004212276,Low,0
10881,0.008993993,Low,0
10882,0.0035940276,Low,0
10883,0.000221802,Low,0
10884,0.007232737,Low,0
10885,0.00036442291,Low,0
10886,0.00018743856,Low,0
10887,0.0013057627,Low,0
10888,0.00047000742,Low,0
10889,0.00012494277,Low,0
10890,0.0021323205,Low,0
10891,0.0015051113,Low,0
10892,0.0016582365,Low,0
10893,0.009335534,Low,0
10894,0.00025578294,Low,0
10895,9.5599884e-05,Low,0
10896,0.00011738988,Low,0
10897,0.00042721056,Low,0
10898,0.0024411099,Low,0
10899,0.00022761342,Low,0
10900,0.0011088697,Low,0
10901,0.00035442805,Low,0
10902,0.0013681971,Low,0
10903,0.04674022,Low,0
10904,0.00025104004,Low,0
10905,0.00033583082,Low,0
10906,9.195653e-05,Low,0
10907,0.001855263,Low,0
10908,0.00052149786,Low,0
10909,0.00023230466,Low,0
10910,0.002776867,Low,0
10911,0.09538816,Low,0
10912,0.0006599919,Low,0
10913,0.005810655,Low,0
10914,0.00017256217,Low,0
10915,0.0001926049,Low,0
10916,0.00064659264,Low,0
10917,0.00013268023,Low,0
10918,0.00063428807,Low,0
10919,9.882189e-05,Low,0
10920,0.0072867977,Low,0
10921,5.2600433e-05,Low,0
10922,0.00013318904,Low,0
10923,0.00019315092,Low,0
10924,0.00028910162,Low,0
10925,0.00017985934,Low,0
10926,0.000851095,Low,0
10927,0.0005941803,Low,0
10928,0.0008803202,Low,0
10929,0.00028775528,Low,0
10930,0.00025500156,Low,0
10931,0.0004926757,Low,0
10932,0.00031148354,Low,0
10933,0.00014136134,Low,0
10934,0.0002478092,Low,0
10935,0.0008102422,Low,0
10936,0.0022038952,Low,0
10937,0.00034589646,Low,0
10938,0.55838585,Medium,1
10939,0.0005037311,Low,0
10940,0.00014283089,Low,0
10941,0.00012725411,Low,0
10942,0.0011175137,Low,0
10943,0.00032300293,Low,0
10944,0.0010964167,Low,0
10945,0.00017116893,Low,0
10946,0.0010690836,Low,0
10947,0.00071487704,Low,0
10948,0.00016362032,Low,0
10949,0.0005824085,Low,0
10950,0.0001938668,Low,0
10951,0.00047720614,Low,0
10952,0.0001260605,Low,0
10953,0.0011372783,Low,0
10954,0.00041167045,Low,0
10955,0.0010282035,Low,0
10956,0.00041434553,Low,0
10957,0.020040244,Low,0
10958,0.0003698432,Low,0
10959,9.069665e-05,Low,0
10960,0.0001969815,Low,0
10961,0.0002874372,Low,0
10962,0.00012279466,Low,0
10963,0.00029753748,Low,0
10964,0.00027084223,Low,0
10965,0.00015383617,Low,0
10966,0.0007751727,Low,0
10967,0.15693294,Low,0
10968,0.00055774,Low,0
10969,0.00015623437,Low,0
10970,0.006818189,Low,0
10971,0.00036878296,Low,0
10972,0.000616635,Low,0
10973,6.137631e-05,Low,0
10974,0.04847188,Low,0
10975,0.00023096871,Low,0
10976,0.013374326,Low,0
10977,0.99226874,High,1
10978,0.00027535053,Low,0
10979,0.00030287376,Low,0
10980,0.0011145105,Low,0
10981,0.0038860673,Low,0
10982,0.00039628666,Low,0
10983,0.00026816843,Low,0
10984,0.00094930344,Low,0
10985,0.00027553434,Low,0
10986,0.0002693918,Low,0
10987,0.00096193206,Low,0
10988,0.0021219107,Low,0
10989,0.0011042346,Low,0
10990,0.0041519394,Low,0
10991,0.00047287202,Low,0
10992,0.00024166834,Low,0
10993,0.00017184905,Low,0
10994,0.00012813006,Low,0
10995,0.0001928105,Low,0
10996,0.0018557718,Low,0
10997,0.0024369147,Low,0
10998,0.00038115255,Low,0
10999,0.00059972564,Low,0
